{"_module": "oauth2client.client", "scopes": ["https://www.googleapis.com/auth/youtube.force-ssl"], "token_expiry": "2017-06-17T11:21:11Z", "id_token": null, "user_agent": null, "access_token": "ya29.GltsBFMdmIHRzNkd1OP9LZeM9BCsKKbcEMcbhTZo6xJx8-awdiT3MVUVm7H1rbZhRJsNlEOuQBCrZRP5z-M7OS3T1HdbZNNbsgPkJHoV6-mHXMU7Y09_VeAKJ23t", "token_uri": "https://accounts.google.com/o/oauth2/token", "invalid": false, "token_response": {"access_token": "ya29.GltsBFMdmIHRzNkd1OP9LZeM9BCsKKbcEMcbhTZo6xJx8-awdiT3MVUVm7H1rbZhRJsNlEOuQBCrZRP5z-M7OS3T1HdbZNNbsgPkJHoV6-mHXMU7Y09_VeAKJ23t", "token_type": "Bearer", "expires_in": 3600, "refresh_token": "1/tPB0KXbX1YFJxHOoJc1XfNkr-pvrCGONwaXaEMyT1sg"}, "client_id": "521537586557-sogqd1j97hcqvgqab9j721o13ar1l8nv.apps.googleusercontent.com", "token_info_uri": "https://www.googleapis.com/oauth2/v3/tokeninfo", "client_secret": "Dx5vdJ1ae0TQWs1INgoF3uIb", "revoke_uri": "https://accounts.google.com/o/oauth2/revoke", "_class": "OAuth2Credentials", "refresh_token": "1/tPB0KXbX1YFJxHOoJc1XfNkr-pvrCGONwaXaEMyT1sg", "id_token_jwt": null}