{"_module": "oauth2client.client", "scopes": ["https://www.googleapis.com/auth/youtube.force-ssl"], "token_expiry": "2017-06-18T05:17:40Z", "id_token": null, "user_agent": null, "access_token": "ya29.GlxtBGF5FoveCU8iR4e54aj44OFfEzDr5e36dmdt3dSGLr1D9RP5ViyeH5-ThSDype4fYof_pLB19bvA03Nxte9Q0hMHmByBq1nh-YsUbjqrC-nJUmzw0key-T6t8Q", "token_uri": "https://accounts.google.com/o/oauth2/token", "invalid": false, "token_response": {"access_token": "ya29.GlxtBGF5FoveCU8iR4e54aj44OFfEzDr5e36dmdt3dSGLr1D9RP5ViyeH5-ThSDype4fYof_pLB19bvA03Nxte9Q0hMHmByBq1nh-YsUbjqrC-nJUmzw0key-T6t8Q", "token_type": "Bearer", "expires_in": 3600}, "client_id": "521537586557-sogqd1j97hcqvgqab9j721o13ar1l8nv.apps.googleusercontent.com", "token_info_uri": "https://www.googleapis.com/oauth2/v3/tokeninfo", "client_secret": "Dx5vdJ1ae0TQWs1INgoF3uIb", "revoke_uri": "https://accounts.google.com/o/oauth2/revoke", "_class": "OAuth2Credentials", "refresh_token": "1/Hd_jWUf2iDEgAfdL6FidpfpU6K1J-BPKNhxLgQJ6pqQ", "id_token_jwt": null}