{"_module": "oauth2client.client", "scopes": ["https://www.googleapis.com/auth/youtube.force-ssl"], "token_expiry": "2017-06-17T21:33:45Z", "id_token": null, "user_agent": null, "access_token": "ya29.GlxsBHeb20K0NrzagpAGN1HVekdDEKxRrP9MTa5Txqbfay9v0svkpp790t3jHjG__yThnbxrkAQCsZPhuWMF-1FsppQop1huM7TiUS4RoYRJSAzf30I7A79YKbvgXQ", "token_uri": "https://accounts.google.com/o/oauth2/token", "invalid": false, "token_response": {"access_token": "ya29.GlxsBHeb20K0NrzagpAGN1HVekdDEKxRrP9MTa5Txqbfay9v0svkpp790t3jHjG__yThnbxrkAQCsZPhuWMF-1FsppQop1huM7TiUS4RoYRJSAzf30I7A79YKbvgXQ", "token_type": "Bearer", "expires_in": 3600}, "client_id": "521537586557-sogqd1j97hcqvgqab9j721o13ar1l8nv.apps.googleusercontent.com", "token_info_uri": "https://www.googleapis.com/oauth2/v3/tokeninfo", "client_secret": "Dx5vdJ1ae0TQWs1INgoF3uIb", "revoke_uri": "https://accounts.google.com/o/oauth2/revoke", "_class": "OAuth2Credentials", "refresh_token": "1/NqYKjw8EUhaC3B-TXgkNLWhGBteGptkKSH75aaAnNMU", "id_token_jwt": null}