{"_module": "oauth2client.client", "scopes": ["https://www.googleapis.com/auth/youtube.force-ssl"], "token_expiry": "2017-06-17T11:45:00Z", "id_token": null, "user_agent": null, "access_token": "ya29.GltsBPPzF-C-S0xFPHcF2n2X5I7YZUJVFElC5JeEyEca2w4nW8M41EXT8pLlSTAFEdbxlQfWgp7aCfDylOF-pYzu5Ds5BG1JoOhBrJHV6hgS5Zts6MkNCHO5iudG", "token_uri": "https://accounts.google.com/o/oauth2/token", "invalid": false, "token_response": {"access_token": "ya29.GltsBPPzF-C-S0xFPHcF2n2X5I7YZUJVFElC5JeEyEca2w4nW8M41EXT8pLlSTAFEdbxlQfWgp7aCfDylOF-pYzu5Ds5BG1JoOhBrJHV6hgS5Zts6MkNCHO5iudG", "token_type": "Bearer", "expires_in": 3600, "refresh_token": "1/9WP1yY0s0hUPzpnkmDdB_5IT2zlr6g_S_sLVJFe6vCw"}, "client_id": "521537586557-sogqd1j97hcqvgqab9j721o13ar1l8nv.apps.googleusercontent.com", "token_info_uri": "https://www.googleapis.com/oauth2/v3/tokeninfo", "client_secret": "Dx5vdJ1ae0TQWs1INgoF3uIb", "revoke_uri": "https://accounts.google.com/o/oauth2/revoke", "_class": "OAuth2Credentials", "refresh_token": "1/9WP1yY0s0hUPzpnkmDdB_5IT2zlr6g_S_sLVJFe6vCw", "id_token_jwt": null}